-- MySQL dump 10.13  Distrib 8.0.17, for Win64 (x86_64)
--
-- Host: localhost    Database: bug_tracker
-- ------------------------------------------------------
-- Server version	5.7.26

/*!40101 SET @OLD_CHARACTER_SET_CLIENT=@@CHARACTER_SET_CLIENT */;
/*!40101 SET @OLD_CHARACTER_SET_RESULTS=@@CHARACTER_SET_RESULTS */;
/*!40101 SET @OLD_COLLATION_CONNECTION=@@COLLATION_CONNECTION */;
/*!50503 SET NAMES utf8 */;
/*!40103 SET @OLD_TIME_ZONE=@@TIME_ZONE */;
/*!40103 SET TIME_ZONE='+00:00' */;
/*!40014 SET @OLD_UNIQUE_CHECKS=@@UNIQUE_CHECKS, UNIQUE_CHECKS=0 */;
/*!40014 SET @OLD_FOREIGN_KEY_CHECKS=@@FOREIGN_KEY_CHECKS, FOREIGN_KEY_CHECKS=0 */;
/*!40101 SET @OLD_SQL_MODE=@@SQL_MODE, SQL_MODE='NO_AUTO_VALUE_ON_ZERO' */;
/*!40111 SET @OLD_SQL_NOTES=@@SQL_NOTES, SQL_NOTES=0 */;

--
-- Table structure for table `bugs`
--

DROP TABLE IF EXISTS `bugs`;
/*!40101 SET @saved_cs_client     = @@character_set_client */;
/*!50503 SET character_set_client = utf8mb4 */;
CREATE TABLE `bugs` (
  `id_bug` int(11) NOT NULL AUTO_INCREMENT,
  `nm_bug` varchar(45) NOT NULL,
  `nm_bugDesc` varchar(200) DEFAULT NULL,
  `cd_status` int(11) NOT NULL,
  `cd_list_index` int(11) NOT NULL,
  `projects_id_project` int(11) NOT NULL,
  PRIMARY KEY (`id_bug`),
  UNIQUE KEY `id_bug_UNIQUE` (`id_bug`),
  KEY `fk_bugs_projects1_idx` (`projects_id_project`),
  CONSTRAINT `fk_bugs_projects1` FOREIGN KEY (`projects_id_project`) REFERENCES `projects` (`id_project`) ON DELETE NO ACTION ON UPDATE NO ACTION
) ENGINE=InnoDB AUTO_INCREMENT=27 DEFAULT CHARSET=utf8;
/*!40101 SET character_set_client = @saved_cs_client */;

--
-- Dumping data for table `bugs`
--

LOCK TABLES `bugs` WRITE;
/*!40000 ALTER TABLE `bugs` DISABLE KEYS */;
INSERT INTO `bugs` VALUES (10,'Bug Cards','Implement animation',4,1,1),(14,'Bug Cards','Add update and delete to bug cards',4,0,1),(16,'Teams','Implement teams',1,0,1),(17,'Projects','Implement projects',4,0,1),(18,'Bug lists','Fix bug lists not extending when full',4,0,1),(19,'Other','Dashboard and Milestones',0,0,1),(21,'Projects','Add functionality to &#34;New project&#34; button',4,0,1),(22,'a','b',0,0,2),(23,'Teams','Implement  &#34;Teams&#34; page and &#34;Add team&#34;',1,0,1),(24,'Bug Cards','Fix update description',0,0,1),(25,'Teams','Implement &#34;Invite to team&#34;',0,0,1),(26,'asdasd','asdasd',0,0,5);
/*!40000 ALTER TABLE `bugs` ENABLE KEYS */;
UNLOCK TABLES;

--
-- Table structure for table `projects`
--

DROP TABLE IF EXISTS `projects`;
/*!40101 SET @saved_cs_client     = @@character_set_client */;
/*!50503 SET character_set_client = utf8mb4 */;
CREATE TABLE `projects` (
  `id_project` int(11) NOT NULL AUTO_INCREMENT,
  `nm_project` varchar(45) NOT NULL,
  `teams_id_team` int(11) NOT NULL,
  PRIMARY KEY (`id_project`),
  UNIQUE KEY `id_projects_UNIQUE` (`id_project`),
  KEY `fk_projects_teams1_idx` (`teams_id_team`),
  CONSTRAINT `fk_projects_teams1` FOREIGN KEY (`teams_id_team`) REFERENCES `teams` (`id_team`) ON DELETE NO ACTION ON UPDATE NO ACTION
) ENGINE=InnoDB AUTO_INCREMENT=7 DEFAULT CHARSET=utf8;
/*!40101 SET character_set_client = @saved_cs_client */;

--
-- Dumping data for table `projects`
--

LOCK TABLES `projects` WRITE;
/*!40000 ALTER TABLE `projects` DISABLE KEYS */;
INSERT INTO `projects` VALUES (1,'a',1),(2,'project2',1),(3,'project3',1),(4,'project4',1),(5,'asdasd',3),(6,'bbb',3);
/*!40000 ALTER TABLE `projects` ENABLE KEYS */;
UNLOCK TABLES;

--
-- Table structure for table `teams`
--

DROP TABLE IF EXISTS `teams`;
/*!40101 SET @saved_cs_client     = @@character_set_client */;
/*!50503 SET character_set_client = utf8mb4 */;
CREATE TABLE `teams` (
  `id_team` int(11) NOT NULL AUTO_INCREMENT,
  `nm_team` varchar(45) NOT NULL,
  PRIMARY KEY (`id_team`),
  UNIQUE KEY `id_team_UNIQUE` (`id_team`),
  UNIQUE KEY `nm_team_UNIQUE` (`nm_team`)
) ENGINE=InnoDB AUTO_INCREMENT=4 DEFAULT CHARSET=utf8;
/*!40101 SET character_set_client = @saved_cs_client */;

--
-- Dumping data for table `teams`
--

LOCK TABLES `teams` WRITE;
/*!40000 ALTER TABLE `teams` DISABLE KEYS */;
INSERT INTO `teams` VALUES (1,'a'),(3,'b');
/*!40000 ALTER TABLE `teams` ENABLE KEYS */;
UNLOCK TABLES;

--
-- Table structure for table `user_teams`
--

DROP TABLE IF EXISTS `user_teams`;
/*!40101 SET @saved_cs_client     = @@character_set_client */;
/*!50503 SET character_set_client = utf8mb4 */;
CREATE TABLE `user_teams` (
  `users_id_user` int(11) NOT NULL,
  `teams_id_team` int(11) NOT NULL,
  PRIMARY KEY (`users_id_user`,`teams_id_team`),
  KEY `fk_users_has_teams_teams1_idx` (`teams_id_team`),
  KEY `fk_users_has_teams_users_idx` (`users_id_user`),
  CONSTRAINT `fk_users_has_teams_teams1` FOREIGN KEY (`teams_id_team`) REFERENCES `teams` (`id_team`) ON DELETE NO ACTION ON UPDATE NO ACTION,
  CONSTRAINT `fk_users_has_teams_users` FOREIGN KEY (`users_id_user`) REFERENCES `users` (`id_user`) ON DELETE NO ACTION ON UPDATE NO ACTION
) ENGINE=InnoDB DEFAULT CHARSET=utf8;
/*!40101 SET character_set_client = @saved_cs_client */;

--
-- Dumping data for table `user_teams`
--

LOCK TABLES `user_teams` WRITE;
/*!40000 ALTER TABLE `user_teams` DISABLE KEYS */;
INSERT INTO `user_teams` VALUES (1,1),(1,3);
/*!40000 ALTER TABLE `user_teams` ENABLE KEYS */;
UNLOCK TABLES;

--
-- Table structure for table `users`
--

DROP TABLE IF EXISTS `users`;
/*!40101 SET @saved_cs_client     = @@character_set_client */;
/*!50503 SET character_set_client = utf8mb4 */;
CREATE TABLE `users` (
  `id_user` int(11) NOT NULL AUTO_INCREMENT,
  `nm_name_user` varchar(45) NOT NULL,
  `nm_last_name_user` varchar(45) NOT NULL,
  `nm_email_user` varchar(45) NOT NULL,
  `pw_user` varchar(256) NOT NULL,
  PRIMARY KEY (`id_user`),
  UNIQUE KEY `id_user_UNIQUE` (`id_user`),
  UNIQUE KEY `nm_email_user_UNIQUE` (`nm_email_user`)
) ENGINE=InnoDB AUTO_INCREMENT=4 DEFAULT CHARSET=utf8;
/*!40101 SET character_set_client = @saved_cs_client */;

--
-- Dumping data for table `users`
--

LOCK TABLES `users` WRITE;
/*!40000 ALTER TABLE `users` DISABLE KEYS */;
INSERT INTO `users` VALUES (1,'a','a','a@a','$2y$10$nC/3SP4QXsjwI/F9T.Gb2eiXakhbIbvwE8ZVrFqlecWUkTjYvMS2u'),(2,'a','a','b@b','$2y$10$cgvNm9227HbVyTmGqAhKXu2R5Lvs9q/4wlMl7IFi.6rhcp7bitZgO'),(3,'a','a','a@aa','$2y$10$qbpevORSWbfcu2Aj/jUYzeClcp2JsYP3Hp.lYKRL5KlD2B/iSWpsi');
/*!40000 ALTER TABLE `users` ENABLE KEYS */;
UNLOCK TABLES;

--
-- Dumping events for database 'bug_tracker'
--

--
-- Dumping routines for database 'bug_tracker'
--
/*!50003 DROP PROCEDURE IF EXISTS `DeleteBug` */;
/*!50003 SET @saved_cs_client      = @@character_set_client */ ;
/*!50003 SET @saved_cs_results     = @@character_set_results */ ;
/*!50003 SET @saved_col_connection = @@collation_connection */ ;
/*!50003 SET character_set_client  = utf8mb4 */ ;
/*!50003 SET character_set_results = utf8mb4 */ ;
/*!50003 SET collation_connection  = utf8mb4_general_ci */ ;
/*!50003 SET @saved_sql_mode       = @@sql_mode */ ;
/*!50003 SET sql_mode              = 'STRICT_ALL_TABLES,NO_ZERO_IN_DATE,NO_ZERO_DATE,ERROR_FOR_DIVISION_BY_ZERO,NO_AUTO_CREATE_USER' */ ;
DELIMITER ;;
CREATE DEFINER=`root`@`localhost` PROCEDURE `DeleteBug`(
	IN bugId int(11)
)
BEGIN
	DELETE FROM bugs WHERE id_bug = bugId;
END ;;
DELIMITER ;
/*!50003 SET sql_mode              = @saved_sql_mode */ ;
/*!50003 SET character_set_client  = @saved_cs_client */ ;
/*!50003 SET character_set_results = @saved_cs_results */ ;
/*!50003 SET collation_connection  = @saved_col_connection */ ;
/*!50003 DROP PROCEDURE IF EXISTS `RegisterBug` */;
/*!50003 SET @saved_cs_client      = @@character_set_client */ ;
/*!50003 SET @saved_cs_results     = @@character_set_results */ ;
/*!50003 SET @saved_col_connection = @@collation_connection */ ;
/*!50003 SET character_set_client  = utf8mb4 */ ;
/*!50003 SET character_set_results = utf8mb4 */ ;
/*!50003 SET collation_connection  = utf8mb4_general_ci */ ;
/*!50003 SET @saved_sql_mode       = @@sql_mode */ ;
/*!50003 SET sql_mode              = 'STRICT_ALL_TABLES,NO_ZERO_IN_DATE,NO_ZERO_DATE,ERROR_FOR_DIVISION_BY_ZERO,NO_AUTO_CREATE_USER' */ ;
DELIMITER ;;
CREATE DEFINER=`root`@`localhost` PROCEDURE `RegisterBug`(
	IN bugName varchar(45),
    IN bugDesc varchar(200),
    IN bugStatus int(11),
    IN projectId int(11)
)
BEGIN
	INSERT INTO bugs(nm_bug, nm_bugDesc, cd_status, cd_list_index, projects_id_project) VALUES (bugName, bugDesc, bugStatus, 0, projectId);
END ;;
DELIMITER ;
/*!50003 SET sql_mode              = @saved_sql_mode */ ;
/*!50003 SET character_set_client  = @saved_cs_client */ ;
/*!50003 SET character_set_results = @saved_cs_results */ ;
/*!50003 SET collation_connection  = @saved_col_connection */ ;
/*!50003 DROP PROCEDURE IF EXISTS `RegisterProject` */;
/*!50003 SET @saved_cs_client      = @@character_set_client */ ;
/*!50003 SET @saved_cs_results     = @@character_set_results */ ;
/*!50003 SET @saved_col_connection = @@collation_connection */ ;
/*!50003 SET character_set_client  = utf8mb4 */ ;
/*!50003 SET character_set_results = utf8mb4 */ ;
/*!50003 SET collation_connection  = utf8mb4_general_ci */ ;
/*!50003 SET @saved_sql_mode       = @@sql_mode */ ;
/*!50003 SET sql_mode              = 'STRICT_ALL_TABLES,NO_ZERO_IN_DATE,NO_ZERO_DATE,ERROR_FOR_DIVISION_BY_ZERO,NO_AUTO_CREATE_USER' */ ;
DELIMITER ;;
CREATE DEFINER=`root`@`localhost` PROCEDURE `RegisterProject`(
	IN userId int(11),
    IN projectName varchar(45),
    IN teamId int(11)
)
BEGIN
	INSERT INTO projects(nm_project, teams_id_team) 
    VALUES(
			projectName, 
			teamId
		  );
END ;;
DELIMITER ;
/*!50003 SET sql_mode              = @saved_sql_mode */ ;
/*!50003 SET character_set_client  = @saved_cs_client */ ;
/*!50003 SET character_set_results = @saved_cs_results */ ;
/*!50003 SET collation_connection  = @saved_col_connection */ ;
/*!50003 DROP PROCEDURE IF EXISTS `RegisterTeam` */;
/*!50003 SET @saved_cs_client      = @@character_set_client */ ;
/*!50003 SET @saved_cs_results     = @@character_set_results */ ;
/*!50003 SET @saved_col_connection = @@collation_connection */ ;
/*!50003 SET character_set_client  = utf8mb4 */ ;
/*!50003 SET character_set_results = utf8mb4 */ ;
/*!50003 SET collation_connection  = utf8mb4_general_ci */ ;
/*!50003 SET @saved_sql_mode       = @@sql_mode */ ;
/*!50003 SET sql_mode              = 'STRICT_ALL_TABLES,NO_ZERO_IN_DATE,NO_ZERO_DATE,ERROR_FOR_DIVISION_BY_ZERO,NO_AUTO_CREATE_USER' */ ;
DELIMITER ;;
CREATE DEFINER=`root`@`localhost` PROCEDURE `RegisterTeam`(
	IN userId int(11),
    IN teamName varchar(45)
)
BEGIN
	INSERT INTO teams(nm_team) VALUES (teamName);
    CALL RegisterUserInTeam(userId, 
							(SELECT id_team FROM teams WHERE nm_team = teamName));
END ;;
DELIMITER ;
/*!50003 SET sql_mode              = @saved_sql_mode */ ;
/*!50003 SET character_set_client  = @saved_cs_client */ ;
/*!50003 SET character_set_results = @saved_cs_results */ ;
/*!50003 SET collation_connection  = @saved_col_connection */ ;
/*!50003 DROP PROCEDURE IF EXISTS `RegisterUser` */;
/*!50003 SET @saved_cs_client      = @@character_set_client */ ;
/*!50003 SET @saved_cs_results     = @@character_set_results */ ;
/*!50003 SET @saved_col_connection = @@collation_connection */ ;
/*!50003 SET character_set_client  = utf8mb4 */ ;
/*!50003 SET character_set_results = utf8mb4 */ ;
/*!50003 SET collation_connection  = utf8mb4_general_ci */ ;
/*!50003 SET @saved_sql_mode       = @@sql_mode */ ;
/*!50003 SET sql_mode              = 'STRICT_ALL_TABLES,NO_ZERO_IN_DATE,NO_ZERO_DATE,ERROR_FOR_DIVISION_BY_ZERO,NO_AUTO_CREATE_USER' */ ;
DELIMITER ;;
CREATE DEFINER=`root`@`localhost` PROCEDURE `RegisterUser`(
	IN userName varchar(45),
    IN userLastName varchar(45),
    IN userEmail varchar(45),
    IN userPassword varchar(256)
)
BEGIN
    INSERT INTO users (
		nm_name_user, 
        nm_last_name_user, 
        nm_email_user,
        pw_user
        ) 
	VALUES (userName, userLastName, userEmail, userPassword);
END ;;
DELIMITER ;
/*!50003 SET sql_mode              = @saved_sql_mode */ ;
/*!50003 SET character_set_client  = @saved_cs_client */ ;
/*!50003 SET character_set_results = @saved_cs_results */ ;
/*!50003 SET collation_connection  = @saved_col_connection */ ;
/*!50003 DROP PROCEDURE IF EXISTS `RegisterUserInTeam` */;
/*!50003 SET @saved_cs_client      = @@character_set_client */ ;
/*!50003 SET @saved_cs_results     = @@character_set_results */ ;
/*!50003 SET @saved_col_connection = @@collation_connection */ ;
/*!50003 SET character_set_client  = utf8mb4 */ ;
/*!50003 SET character_set_results = utf8mb4 */ ;
/*!50003 SET collation_connection  = utf8mb4_general_ci */ ;
/*!50003 SET @saved_sql_mode       = @@sql_mode */ ;
/*!50003 SET sql_mode              = 'STRICT_ALL_TABLES,NO_ZERO_IN_DATE,NO_ZERO_DATE,ERROR_FOR_DIVISION_BY_ZERO,NO_AUTO_CREATE_USER' */ ;
DELIMITER ;;
CREATE DEFINER=`root`@`localhost` PROCEDURE `RegisterUserInTeam`(
	IN userId int(11),
    IN teamId int(11)
)
BEGIN
	INSERT INTO user_teams(users_id_user, teams_id_team) 
    VALUES (userId, teamId);
END ;;
DELIMITER ;
/*!50003 SET sql_mode              = @saved_sql_mode */ ;
/*!50003 SET character_set_client  = @saved_cs_client */ ;
/*!50003 SET character_set_results = @saved_cs_results */ ;
/*!50003 SET collation_connection  = @saved_col_connection */ ;
/*!50003 DROP PROCEDURE IF EXISTS `SelectBugs` */;
/*!50003 SET @saved_cs_client      = @@character_set_client */ ;
/*!50003 SET @saved_cs_results     = @@character_set_results */ ;
/*!50003 SET @saved_col_connection = @@collation_connection */ ;
/*!50003 SET character_set_client  = utf8mb4 */ ;
/*!50003 SET character_set_results = utf8mb4 */ ;
/*!50003 SET collation_connection  = utf8mb4_general_ci */ ;
/*!50003 SET @saved_sql_mode       = @@sql_mode */ ;
/*!50003 SET sql_mode              = 'STRICT_ALL_TABLES,NO_ZERO_IN_DATE,NO_ZERO_DATE,ERROR_FOR_DIVISION_BY_ZERO,NO_AUTO_CREATE_USER' */ ;
DELIMITER ;;
CREATE DEFINER=`root`@`localhost` PROCEDURE `SelectBugs`(
	IN projectId int(11)
)
BEGIN
	SELECT * FROM bugs WHERE projects_id_project = projectId;
END ;;
DELIMITER ;
/*!50003 SET sql_mode              = @saved_sql_mode */ ;
/*!50003 SET character_set_client  = @saved_cs_client */ ;
/*!50003 SET character_set_results = @saved_cs_results */ ;
/*!50003 SET collation_connection  = @saved_col_connection */ ;
/*!50003 DROP PROCEDURE IF EXISTS `SelectProjects` */;
/*!50003 SET @saved_cs_client      = @@character_set_client */ ;
/*!50003 SET @saved_cs_results     = @@character_set_results */ ;
/*!50003 SET @saved_col_connection = @@collation_connection */ ;
/*!50003 SET character_set_client  = utf8mb4 */ ;
/*!50003 SET character_set_results = utf8mb4 */ ;
/*!50003 SET collation_connection  = utf8mb4_general_ci */ ;
/*!50003 SET @saved_sql_mode       = @@sql_mode */ ;
/*!50003 SET sql_mode              = 'STRICT_ALL_TABLES,NO_ZERO_IN_DATE,NO_ZERO_DATE,ERROR_FOR_DIVISION_BY_ZERO,NO_AUTO_CREATE_USER' */ ;
DELIMITER ;;
CREATE DEFINER=`root`@`localhost` PROCEDURE `SelectProjects`(
	IN teamId int(11)
)
BEGIN
	SELECT * FROM projects WHERE teams_id_team = teamId;
END ;;
DELIMITER ;
/*!50003 SET sql_mode              = @saved_sql_mode */ ;
/*!50003 SET character_set_client  = @saved_cs_client */ ;
/*!50003 SET character_set_results = @saved_cs_results */ ;
/*!50003 SET collation_connection  = @saved_col_connection */ ;
/*!50003 DROP PROCEDURE IF EXISTS `SelectTeams` */;
/*!50003 SET @saved_cs_client      = @@character_set_client */ ;
/*!50003 SET @saved_cs_results     = @@character_set_results */ ;
/*!50003 SET @saved_col_connection = @@collation_connection */ ;
/*!50003 SET character_set_client  = utf8mb4 */ ;
/*!50003 SET character_set_results = utf8mb4 */ ;
/*!50003 SET collation_connection  = utf8mb4_general_ci */ ;
/*!50003 SET @saved_sql_mode       = @@sql_mode */ ;
/*!50003 SET sql_mode              = 'STRICT_ALL_TABLES,NO_ZERO_IN_DATE,NO_ZERO_DATE,ERROR_FOR_DIVISION_BY_ZERO,NO_AUTO_CREATE_USER' */ ;
DELIMITER ;;
CREATE DEFINER=`root`@`localhost` PROCEDURE `SelectTeams`(
	IN userId int(11)
)
BEGIN
	SELECT * FROM teams 
    WHERE id_team IN (SELECT teams_id_team FROM user_teams WHERE users_id_user = userId);
END ;;
DELIMITER ;
/*!50003 SET sql_mode              = @saved_sql_mode */ ;
/*!50003 SET character_set_client  = @saved_cs_client */ ;
/*!50003 SET character_set_results = @saved_cs_results */ ;
/*!50003 SET collation_connection  = @saved_col_connection */ ;
/*!50003 DROP PROCEDURE IF EXISTS `SelectUser` */;
/*!50003 SET @saved_cs_client      = @@character_set_client */ ;
/*!50003 SET @saved_cs_results     = @@character_set_results */ ;
/*!50003 SET @saved_col_connection = @@collation_connection */ ;
/*!50003 SET character_set_client  = utf8mb4 */ ;
/*!50003 SET character_set_results = utf8mb4 */ ;
/*!50003 SET collation_connection  = utf8mb4_general_ci */ ;
/*!50003 SET @saved_sql_mode       = @@sql_mode */ ;
/*!50003 SET sql_mode              = 'STRICT_ALL_TABLES,NO_ZERO_IN_DATE,NO_ZERO_DATE,ERROR_FOR_DIVISION_BY_ZERO,NO_AUTO_CREATE_USER' */ ;
DELIMITER ;;
CREATE DEFINER=`root`@`localhost` PROCEDURE `SelectUser`(
    IN userEmail varchar(45)
)
BEGIN
    SELECT * FROM users WHERE nm_email_user = userEmail;
END ;;
DELIMITER ;
/*!50003 SET sql_mode              = @saved_sql_mode */ ;
/*!50003 SET character_set_client  = @saved_cs_client */ ;
/*!50003 SET character_set_results = @saved_cs_results */ ;
/*!50003 SET collation_connection  = @saved_col_connection */ ;
/*!50003 DROP PROCEDURE IF EXISTS `UpdateBug` */;
/*!50003 SET @saved_cs_client      = @@character_set_client */ ;
/*!50003 SET @saved_cs_results     = @@character_set_results */ ;
/*!50003 SET @saved_col_connection = @@collation_connection */ ;
/*!50003 SET character_set_client  = utf8mb4 */ ;
/*!50003 SET character_set_results = utf8mb4 */ ;
/*!50003 SET collation_connection  = utf8mb4_general_ci */ ;
/*!50003 SET @saved_sql_mode       = @@sql_mode */ ;
/*!50003 SET sql_mode              = 'STRICT_ALL_TABLES,NO_ZERO_IN_DATE,NO_ZERO_DATE,ERROR_FOR_DIVISION_BY_ZERO,NO_AUTO_CREATE_USER' */ ;
DELIMITER ;;
CREATE DEFINER=`root`@`localhost` PROCEDURE `UpdateBug`(
	IN bugId int(11),
	IN bugName varchar(45),
    IN bugDesc varchar(200)
)
BEGIN
	UPDATE bugs SET nm_bug = bugName, nm_bugDesc = bugDesc WHERE id_bug = bugId;
END ;;
DELIMITER ;
/*!50003 SET sql_mode              = @saved_sql_mode */ ;
/*!50003 SET character_set_client  = @saved_cs_client */ ;
/*!50003 SET character_set_results = @saved_cs_results */ ;
/*!50003 SET collation_connection  = @saved_col_connection */ ;
/*!50003 DROP PROCEDURE IF EXISTS `UpdateBugIndex` */;
/*!50003 SET @saved_cs_client      = @@character_set_client */ ;
/*!50003 SET @saved_cs_results     = @@character_set_results */ ;
/*!50003 SET @saved_col_connection = @@collation_connection */ ;
/*!50003 SET character_set_client  = utf8mb4 */ ;
/*!50003 SET character_set_results = utf8mb4 */ ;
/*!50003 SET collation_connection  = utf8mb4_general_ci */ ;
/*!50003 SET @saved_sql_mode       = @@sql_mode */ ;
/*!50003 SET sql_mode              = 'STRICT_ALL_TABLES,NO_ZERO_IN_DATE,NO_ZERO_DATE,ERROR_FOR_DIVISION_BY_ZERO,NO_AUTO_CREATE_USER' */ ;
DELIMITER ;;
CREATE DEFINER=`root`@`localhost` PROCEDURE `UpdateBugIndex`(
	IN bugId int(11),
    IN bugIndex int(11)
)
BEGIN
	UPDATE bugs SET cd_list_index = bugIndex WHERE id_bug = bugId;
END ;;
DELIMITER ;
/*!50003 SET sql_mode              = @saved_sql_mode */ ;
/*!50003 SET character_set_client  = @saved_cs_client */ ;
/*!50003 SET character_set_results = @saved_cs_results */ ;
/*!50003 SET collation_connection  = @saved_col_connection */ ;
/*!50003 DROP PROCEDURE IF EXISTS `UpdateBugStatus` */;
/*!50003 SET @saved_cs_client      = @@character_set_client */ ;
/*!50003 SET @saved_cs_results     = @@character_set_results */ ;
/*!50003 SET @saved_col_connection = @@collation_connection */ ;
/*!50003 SET character_set_client  = utf8mb4 */ ;
/*!50003 SET character_set_results = utf8mb4 */ ;
/*!50003 SET collation_connection  = utf8mb4_general_ci */ ;
/*!50003 SET @saved_sql_mode       = @@sql_mode */ ;
/*!50003 SET sql_mode              = 'STRICT_ALL_TABLES,NO_ZERO_IN_DATE,NO_ZERO_DATE,ERROR_FOR_DIVISION_BY_ZERO,NO_AUTO_CREATE_USER' */ ;
DELIMITER ;;
CREATE DEFINER=`root`@`localhost` PROCEDURE `UpdateBugStatus`(
	IN bugId int(11),
    IN bugStatus int(11)
)
BEGIN
	UPDATE bugs SET cd_status = bugStatus WHERE id_bug = bugId;
END ;;
DELIMITER ;
/*!50003 SET sql_mode              = @saved_sql_mode */ ;
/*!50003 SET character_set_client  = @saved_cs_client */ ;
/*!50003 SET character_set_results = @saved_cs_results */ ;
/*!50003 SET collation_connection  = @saved_col_connection */ ;
/*!40103 SET TIME_ZONE=@OLD_TIME_ZONE */;

/*!40101 SET SQL_MODE=@OLD_SQL_MODE */;
/*!40014 SET FOREIGN_KEY_CHECKS=@OLD_FOREIGN_KEY_CHECKS */;
/*!40014 SET UNIQUE_CHECKS=@OLD_UNIQUE_CHECKS */;
/*!40101 SET CHARACTER_SET_CLIENT=@OLD_CHARACTER_SET_CLIENT */;
/*!40101 SET CHARACTER_SET_RESULTS=@OLD_CHARACTER_SET_RESULTS */;
/*!40101 SET COLLATION_CONNECTION=@OLD_COLLATION_CONNECTION */;
/*!40111 SET SQL_NOTES=@OLD_SQL_NOTES */;

-- Dump completed on 2019-11-17 16:11:50
